{"cameraMode":{"drawMode":0,"name":"Shaded","section":"Shading Mode"},"sceneLighting":false,"audioPlay":false,"sceneViewState":{"showFog":false,"showMaterialUpdate":false,"showSkybox":false,"showFlares":false,"showImageEffects":false,"showParticleSystems":false},"in2DMode":false,"pivot":{"x":5.0395050048828129,"y":-16.070375442504884,"z":36.65127944946289},"rotation":{"x":0.11321400851011276,"y":0.6835370063781738,"z":-0.10855600982904434,"w":0.7128657698631287},"size":123.07131958007813,"orthographic":false}