{"cameraMode":{"drawMode":0,"name":"Shaded","section":"Shading Mode"},"sceneLighting":false,"audioPlay":false,"sceneViewState":{"showFog":false,"showMaterialUpdate":false,"showSkybox":false,"showFlares":false,"showImageEffects":false,"showParticleSystems":false},"in2DMode":false,"pivot":{"x":0.25528475642204287,"y":0.4386157989501953,"z":-3.8834877014160158},"rotation":{"x":-0.0017334392759948969,"y":0.9904170632362366,"z":-0.13755165040493012,"w":-0.012482144869863987},"size":17.972259521484376,"orthographic":false}