{"cameraMode":{"drawMode":0,"name":"Shaded","section":"Shading Mode"},"sceneLighting":false,"audioPlay":false,"sceneViewState":{"showFog":false,"showMaterialUpdate":false,"showSkybox":false,"showFlares":false,"showImageEffects":false,"showParticleSystems":false},"in2DMode":false,"pivot":{"x":-1.3120265007019044,"y":2.281965970993042,"z":1.0024182796478272},"rotation":{"x":-0.02105526253581047,"y":0.8104997277259827,"z":0.029191548004746438,"w":0.5846362709999085},"size":75.0733642578125,"orthographic":false}