{"cameraMode":{"drawMode":0,"name":"Shaded","section":"Shading Mode"},"sceneLighting":false,"audioPlay":false,"sceneViewState":{"showFog":false,"showMaterialUpdate":false,"showSkybox":false,"showFlares":false,"showImageEffects":false,"showParticleSystems":false},"in2DMode":false,"pivot":{"x":-0.14580154418945313,"y":2.2570323944091799,"z":11.074010848999024},"rotation":{"x":0.07569093257188797,"y":0.5944501757621765,"z":-0.056343212723731998,"w":0.798578679561615},"size":28.486162185668947,"orthographic":false}